Run,Cluster,Centroid_X,Centroid_Y
1,1,0.6237142857142857,0.37435714285714283
1,2,0.44675000000000004,0.1875
2,1,0.3613636363636364,0.21709090909090908
2,2,0.6515000000000001,0.16325
2,3,0.6084545454545454,0.4133636363636363
3,1,0.48812500000000003,0.389125
3,2,0.6515000000000001,0.16325
3,3,0.7262,0.4231999999999999
3,4,0.34800000000000003,0.18955555555555556
