Run,Cluster,Centroid_X,Centroid_Y
1,1,0.48812500000000003,0.389125
1,2,0.6515000000000001,0.16325
1,3,0.7262,0.4231999999999999
1,4,0.34800000000000003,0.18955555555555556
2,1,0.3613636363636364,0.21709090909090908
2,2,0.6515000000000001,0.16325
2,3,0.6084545454545454,0.4133636363636363
3,1,0.47100000000000003,0.3992857142857143
3,2,0.6593333333333332,0.07866666666666666
3,3,0.7262,0.4231999999999999
3,4,0.34800000000000003,0.18955555555555556
3,5,0.6403333333333334,0.23133333333333336
